%dir	flowInd	flowStat	timeFirst	timeLast	duration	numHdrDesc	numHdrs	hdrDesc	srcMac	dstMac	ethType	vlanID	srcIP	srcIPCC	srcIPOrg	srcPort	dstIP	dstIPCC	dstIPOrg	dstPort	l4Proto	macStat	macPairs	srcMac_dstMac_numP	srcMacLbl_dstMacLbl	dstPortClassN	dstPortClass	numPktsSnt	numPktsRcvd	numBytesSnt	numBytesRcvd	minPktSz	maxPktSz	avePktSize	stdPktSize	minIAT	maxIAT	aveIAT	stdIAT	pktps	bytps	pktAsm	bytAsm	tcpFStat	ipMindIPID	ipMaxdIPID	ipMinTTL	ipMaxTTL	ipTTLChg	ipToS	ipFlags	ipOptCnt	ipOptCpCl_Num	ip6OptCntHH_D	ip6OptHH_D	tcpISeqN	tcpPSeqCnt	tcpSeqSntBytes	tcpSeqFaultCnt	tcpPAckCnt	tcpFlwLssAckRcvdBytes	tcpAckFaultCnt	tcpBFlgtMx	tcpInitWinSz	tcpAveWinSz	tcpMinWinSz	tcpMaxWinSz	tcpWinSzDwnCnt	tcpWinSzUpCnt	tcpWinSzChgDirCnt	tcpWinSzThRt	tcpFlags	tcpAnomaly	tcpOptPktCnt	tcpOptCnt	tcpOptions	tcpMSS	tcpWS	tcpMPTBF	tcpMPF	tcpMPAID	tcpMPDSSF	tcpTmS	tcpTmER	tcpEcI	tcpUtm	tcpBtm	tcpSSASAATrip	tcpRTTAckTripMin	tcpRTTAckTripMax	tcpRTTAckTripAve	tcpRTTAckTripJitAve	tcpRTTSseqAA	tcpRTTAckJitAve	tcpStatesAFlags	icmpStat	icmpTCcnt	icmpBFTypH_TypL_Code	icmpTmGtw	icmpEchoSuccRatio	icmpPFindex	connSip	connDip	connSipDip	connSipDprt	connF	connG	connNumPCnt	connNumBCnt
A	1	0x0400000000004000	1650736633.33575	1650736633.3505	0.01475	1	3	eth:ipv4:tcp	08:00:27:27:0f:cb	08:00:27:b0:47:08	0x0800		192.168.100.2	7	Private network	40299	192.168.100.3	7	Private network	502	6	0x00	1	08:00:27:27:0f:cb_08:00:27:b0:47:08_6	PcsSystem,US_PcsSystem,US	502	asa-appl-proto	6	4	12	9	0	12	2.0	5.396913	0	0.008044	0.002458333	0.003228935	406.7797	813.5593	0.2	0.1428571	0x0a13	1	1	64	64	0	0x00	0x0040	0	0x00_0x00000000	0_0	0x00000000_0x00000000	205403094	5	12	0	5	9	0	12	64240	64253.31	64240	64256	0	1	1	0	0x011b	0x0000	6	20	0x0000011e	1460	128	0x0000	0x00	0	0x00	3292465988	151455858	0.001	3292466.144384	1647444167.2061162	0.000925984	0.000804992	0.00802	0.002661744	0.003766448	0.000977984	0.0	0x00	0x00	0	0x00000000_0x00000000_0x0000	0x00000000	0	0	1	1	8	8	8	1	21	48
B	1	0x0400000000004001	1650736633.336676	1650736633.350492	0.013816	1	3	eth:ipv4:tcp	08:00:27:b0:47:08	08:00:27:27:0f:cb	0x0800		192.168.100.3	7	Private network	502	192.168.100.2	7	Private network	40299	6	0x00	1	08:00:27:b0:47:08_08:00:27:27:0f:cb_4	PcsSystem,US_PcsSystem,US	502	asa-appl-proto	4	6	9	12	0	9	2.25	4.743416	0	0.007215	0.003454	0.003446803	289.5194	651.4186	-0.2	-0.1428571	0x0213	1	21724	64	64	0	0x00	0x0040	0	0x00_0x00000000	0_0	0x00000000_0x00000000	3791249248	4	9	0	4	12	0	9	65160	65154.75	65152	65160	1	0	0	0	0x031b	0x0000	4	14	0x0000011e	1460	128	0x0000	0x00	0	0x00	151455858	3292465987	0.001	151455.865194	1650585177.3781264	5.2e-05	8e-06	0.004052992	0.0008393333	0.001644354	0.003501077	0.004109748	0x00	0x00	0	0x00000000_0x00000000_0x0000	0x00000000	0	0	1	1	7	7	7	1	13	9
A	2	0x0400000000004000	1650736634.556128	1650736636.563848	2.00772	1	3	eth:ipv4:tcp	08:00:27:27:0f:cb	08:00:27:b0:47:08	0x0800		192.168.100.2	7	Private network	34561	192.168.100.3	7	Private network	502	6	0x00	1	08:00:27:27:0f:cb_08:00:27:b0:47:08_5	PcsSystem,US_PcsSystem,US	502	asa-appl-proto	5	3	12	0	0	12	2.4	5.813776	0	2.004781	0.401544	0.9238335	2.490387	5.976929	0.25	1.0	0x0a13	1	1	64	64	0	0x00	0x0040	0	0x00_0x00000000	0_0	0x00000000_0x00000000	1501349111	4	12	0	4	0	0	12	64240	64252.16	64240	64256	0	1	1	0	0x011b	0x0000	5	17	0x0000011e	1460	128	0x0000	0x00	0	0x00	3292469202	151459073	0.001	3292469.358384	1647444167.205464	0.00044	0.000372032	0.002182976	0.0009983361	0.001026679	0.000456	0.0	0x00	0x00	0	0x00000000_0x00000000_0x0000	0x00000000	0	0	1	1	8	8	8	1	26	60
B	2	0x0400000000004001	1650736634.556568	1650736636.563811	2.007243	1	3	eth:ipv4:tcp	08:00:27:b0:47:08	08:00:27:27:0f:cb	0x0800		192.168.100.3	7	Private network	502	192.168.100.2	7	Private network	34561	6	0x00	1	08:00:27:b0:47:08_08:00:27:27:0f:cb_3	PcsSystem,US_PcsSystem,US	502	asa-appl-proto	3	5	0	12	0	0	0.0	0.0	0	2.006592	0.669081	1.158319	1.494587	0.0	-0.25	-1.0	0x0213	1	14813	64	64	0	0x00	0x0040	0	0x00_0x00000000	0_0	0x00000000_0x00000000	333494288	3	0	0	3	12	0	0	65160	65155.92	65152	65160	1	0	0	0	0x0313	0x3000	3	11	0x0000011e	1460	128	0x0000	0x00	0	0x00	151459073	3292469199	0.001	151459.080194	1650585177.483617	1.6e-05	1.6e-05	2.004409	0.4009514	0.9239463	0.4019497	0.9239469	0x00	0x00	0	0x00000000_0x00000000_0x0000	0x00000000	0	0	1	1	7	7	7	1	16	9
A	3	0x0400000000004000	1650736637.769583	1650736639.77735	2.007767	1	3	eth:ipv4:tcp	08:00:27:27:0f:cb	08:00:27:b0:47:08	0x0800		192.168.100.2	7	Private network	45237	192.168.100.3	7	Private network	502	6	0x00	1	08:00:27:27:0f:cb_08:00:27:b0:47:08_5	PcsSystem,US_PcsSystem,US	502	asa-appl-proto	5	3	12	0	0	12	2.4	5.813776	0	2.004892	0.4015534	0.9238842	2.490329	5.976789	0.25	1.0	0x0a13	1	1	64	64	0	0x00	0x0040	0	0x00_0x00000000	0_0	0x00000000_0x00000000	2602381698	4	12	0	4	0	0	12	64240	64252.16	64240	64256	0	1	1	0	0x011b	0x0000	5	17	0x0000011e	1460	128	0x0000	0x00	0	0x00	3292472415	151462288	0.001	3292472.571384	1647444167.205966	0.000955008	0.000790976	0.001264	0.001003328	0.0002448086	0.001021056	0.0	0x00	0x00	0	0x00000000_0x00000000_0x0000	0x00000000	0	0	1	1	8	8	8	1	31	72
B	3	0x0400000000004001	1650736637.770538	1650736639.777258	2.00672	1	3	eth:ipv4:tcp	08:00:27:b0:47:08	08:00:27:27:0f:cb	0x0800		192.168.100.3	7	Private network	502	192.168.100.2	7	Private network	45237	6	0x00	1	08:00:27:b0:47:08_08:00:27:27:0f:cb_3	PcsSystem,US_PcsSystem,US	502	asa-appl-proto	3	5	0	12	0	0	0.0	0.0	0	2.005365	0.6689066	1.157407	1.494977	0.0	-0.25	-1.0	0x0213	1	36356	64	64	0	0x00	0x0040	0	0x00_0x00000000	0_0	0x00000000_0x00000000	2999827932	3	0	0	3	12	0	0	65160	65155.92	65152	65160	1	0	0	0	0x0313	0x3000	3	11	0x0000011e	1460	128	0x0000	0x00	0	0x00	151462288	3292472414	0.001	151462.295194	1650585177.482064	6.6048e-05	6.6048e-05	2.004101	0.4009778	0.9237532	0.4019812	0.9237533	0x00	0x00	0	0x00000000_0x00000000_0x0000	0x00000000	0	0	1	1	7	7	7	1	19	9
A	4	0x0400000000004000	1650736640.981859	1650736642.987663	2.005804	1	3	eth:ipv4:tcp	08:00:27:27:0f:cb	08:00:27:b0:47:08	0x0800		192.168.100.2	7	Private network	35075	192.168.100.3	7	Private network	502	6	0x00	1	08:00:27:27:0f:cb_08:00:27:b0:47:08_5	PcsSystem,US_PcsSystem,US	502	asa-appl-proto	5	3	12	0	0	12	2.4	5.813776	0	2.00314	0.4011608	0.9230947	2.492766	5.982638	0.25	1.0	0x0a13	1	1	64	64	0	0x00	0x0040	0	0x00_0x00000000	0_0	0x00000000_0x00000000	322373770	4	12	0	4	0	0	12	64240	64252.16	64240	64256	0	1	1	0	0x011b	0x0000	5	17	0x0000011e	1460	128	0x0000	0x00	0	0x00	3292475625	151465500	0.001	3292475.781384	1647444167.2062788	0.000984	0.000614976	0.000984	0.0007946667	0.0001934262	0.001043968	0.0	0x00	0x00	0	0x00000000_0x00000000_0x0000	0x00000000	0	0	1	1	8	8	8	1	36	84
B	4	0x0400000000004001	1650736640.982843	1650736642.987651	2.004808	1	3	eth:ipv4:tcp	08:00:27:b0:47:08	08:00:27:27:0f:cb	0x0800		192.168.100.3	7	Private network	502	192.168.100.2	7	Private network	35075	6	0x00	1	08:00:27:b0:47:08_08:00:27:27:0f:cb_3	PcsSystem,US_PcsSystem,US	502	asa-appl-proto	3	5	0	12	0	0	0.0	0.0	0	2.00297	0.6682693	1.155885	1.496403	0.0	-0.25	-1.0	0x0213	1	53568	64	64	0	0x00	0x0040	0	0x00_0x00000000	0_0	0x00000000_0x00000000	3525458722	3	0	0	3	12	0	0	65160	65155.92	65152	65160	1	0	0	0	0x0313	0x3000	3	11	0x0000011e	1460	128	0x0000	0x00	0	0x00	151465500	3292475625	0.001	151465.507194	1650585177.4804568	5.9968e-05	1.1968e-05	2.002355	0.400708	0.9229011	0.4015026	0.9229011	0x00	0x00	0	0x00000000_0x00000000_0x0000	0x00000000	0	0	1	1	7	7	7	1	22	9
A	5	0x0400000000004000	1650736644.194739	1650736646.200933	2.006194	1	3	eth:ipv4:tcp	08:00:27:27:0f:cb	08:00:27:b0:47:08	0x0800		192.168.100.2	7	Private network	38039	192.168.100.3	7	Private network	502	6	0x00	1	08:00:27:27:0f:cb_08:00:27:b0:47:08_5	PcsSystem,US_PcsSystem,US	502	asa-appl-proto	5	3	12	0	0	12	2.4	5.813776	0	2.003518	0.4012388	0.9232715	2.492281	5.981475	0.25	1.0	0x0a13	1	1	64	64	0	0x00	0x0040	0	0x00_0x00000000	0_0	0x00000000_0x00000000	4271770291	4	12	0	4	0	0	12	64240	64252.16	64240	64256	0	1	1	0	0x011b	0x0000	5	17	0x0000011e	1460	128	0x0000	0x00	0	0x00	3292478839	151468715	0.001	3292478.995384	1647444167.3501515	0.000918992	0.000774992	0.001024	0.0009059947	0.000131742	0.000985984	0.0	0x00	0x00	0	0x00000000_0x00000000_0x0000	0x00000000	0	0	1	1	8	8	8	1	41	96
B	5	0x0400000000004001	1650736644.195658	1650736646.200901	2.005243	1	3	eth:ipv4:tcp	08:00:27:b0:47:08	08:00:27:27:0f:cb	0x0800		192.168.100.3	7	Private network	502	192.168.100.2	7	Private network	38039	6	0x00	1	08:00:27:b0:47:08_08:00:27:27:0f:cb_3	PcsSystem,US_PcsSystem,US	502	asa-appl-proto	3	5	0	12	0	0	0.0	0.0	0	2.003767	0.6684144	1.15645	1.496078	0.0	-0.25	-1.0	0x0213	1	33073	64	64	0	0x00	0x0040	0	0x00_0x00000000	0_0	0x00000000_0x00000000	1991199077	3	0	0	3	12	0	0	65160	65155.92	65152	65160	1	0	0	0	0x0313	0x3000	3	11	0x0000011e	1460	128	0x0000	0x00	0	0x00	151468715	3292478838	0.001	151468.722194	1650585177.3774672	6.6992e-05	3.2e-05	2.002743	0.400722	0.9231175	0.401628	0.9231175	0x00	0x00	0	0x00000000_0x00000000_0x0000	0x00000000	0	0	1	1	7	7	7	1	25	9
A	6	0x0400000000004000	1650736647.406752	1650736649.412052	2.0053	1	3	eth:ipv4:tcp	08:00:27:27:0f:cb	08:00:27:b0:47:08	0x0800		192.168.100.2	7	Private network	41853	192.168.100.3	7	Private network	502	6	0x00	1	08:00:27:27:0f:cb_08:00:27:b0:47:08_5	PcsSystem,US_PcsSystem,US	502	asa-appl-proto	5	3	12	0	0	12	2.4	5.813776	0	2.002512	0.40106	0.9227924	2.493392	5.984142	0.25	1.0	0x0a13	1	1	64	64	0	0x00	0x0040	0	0x00_0x00000000	0_0	0x00000000_0x00000000	260989185	4	12	0	4	0	0	12	64240	64252.16	64240	64256	0	1	1	0	0x011b	0x0000	5	17	0x0000011e	1460	128	0x0000	0x00	0	0x00	3292482050	151471928	0.001	3292482.206385	1647444167.2056675	0.000983008	0.000726016	0.000983008	0.0008416746	0.0001500311	0.001044992	0.0	0x00	0x00	0	0x00000000_0x00000000_0x0000	0x00000000	0	0	1	1	8	8	8	1	46	108
B	6	0x0400000000004001	1650736647.407735	1650736649.412026	2.004291	1	3	eth:ipv4:tcp	08:00:27:b0:47:08	08:00:27:27:0f:cb	0x0800		192.168.100.3	7	Private network	502	192.168.100.2	7	Private network	41853	6	0x00	1	08:00:27:b0:47:08_08:00:27:27:0f:cb_3	PcsSystem,US_PcsSystem,US	502	asa-appl-proto	3	5	0	12	0	0	0.0	0.0	0	2.002602	0.668097	1.155716	1.496789	0.0	-0.25	-1.0	0x0213	1	63928	64	64	0	0x00	0x0040	0	0x00_0x00000000	0_0	0x00000000_0x00000000	1362425320	3	0	0	3	12	0	0	65160	65155.92	65152	65160	1	0	0	0	0x0313	0x3000	3	11	0x0000011e	1460	128	0x0000	0x00	0	0x00	151471928	3292482049	0.001	151471.935195	1650585177.3772798	6.1984e-05	2.6016e-05	2.001786	0.4005798	0.9226472	0.4014215	0.9226472	0x00	0x00	0	0x00000000_0x00000000_0x0000	0x00000000	0	0	1	1	7	7	7	1	28	9
A	7	0x0400000000004000	1650736650.616937	1650736652.62516	2.008223	1	3	eth:ipv4:tcp	08:00:27:27:0f:cb	08:00:27:b0:47:08	0x0800		192.168.100.2	7	Private network	36237	192.168.100.3	7	Private network	502	6	0x00	1	08:00:27:27:0f:cb_08:00:27:b0:47:08_5	PcsSystem,US_PcsSystem,US	502	asa-appl-proto	5	3	12	0	0	12	2.4	5.813776	0	2.005356	0.4016446	0.9240955	2.489763	5.975432	0.25	1.0	0x0a13	1	1	64	64	0	0x00	0x0040	0	0x00_0x00000000	0_0	0x00000000_0x00000000	117819988	4	12	0	4	0	0	12	64240	64252.16	64240	64256	0	1	1	0	0x011b	0x0000	5	17	0x0000011e	1460	128	0x0000	0x00	0	0x00	3292485263	151475142	0.001	3292485.419385	1647444167.2057753	0.000859968	0.000746944	0.000950016	0.0008523093	0.0001068555	0.00092096	0.0	0x00	0x00	0	0x00000000_0x00000000_0x0000	0x00000000	0	0	1	1	8	8	8	1	51	120
B	7	0x0400000000004001	1650736650.617797	1650736652.625131	2.007334	1	3	eth:ipv4:tcp	08:00:27:b0:47:08	08:00:27:27:0f:cb	0x0800		192.168.100.3	7	Private network	502	192.168.100.2	7	Private network	36237	6	0x00	1	08:00:27:b0:47:08_08:00:27:27:0f:cb_3	PcsSystem,US_PcsSystem,US	502	asa-appl-proto	3	5	0	12	0	0	0.0	0.0	0	2.005559	0.6691114	1.157398	1.49452	0.0	-0.25	-1.0	0x0213	1	12563	64	64	0	0x00	0x0040	0	0x00_0x00000000	0_0	0x00000000_0x00000000	1999531341	3	0	0	3	12	0	0	65160	65155.92	65152	65160	1	0	0	0	0x0313	0x3000	3	11	0x0000011e	1460	128	0x0000	0x00	0	0x00	151475142	3292485262	0.001	151475.149195	1650585177.4759364	6.0992e-05	2.8992e-05	2.004609	0.4011576	0.923941	0.4020099	0.923941	0x00	0x00	0	0x00000000_0x00000000_0x0000	0x00000000	0	0	1	1	7	7	7	1	31	9
A	8	0x0400000000004000	1650736653.828974	1650736655.837265	2.008291	1	3	eth:ipv4:tcp	08:00:27:27:0f:cb	08:00:27:b0:47:08	0x0800		192.168.100.2	7	Private network	41165	192.168.100.3	7	Private network	502	6	0x00	1	08:00:27:27:0f:cb_08:00:27:b0:47:08_5	PcsSystem,US_PcsSystem,US	502	asa-appl-proto	5	3	12	0	0	12	2.4	5.813776	0	2.004985	0.4016582	0.9238805	2.489679	5.97523	0.25	1.0	0x0a13	1	1	64	64	0	0x00	0x0040	0	0x00_0x00000000	0_0	0x00000000_0x00000000	243345014	4	12	0	4	0	0	12	64240	64252.16	64240	64256	0	1	1	0	0x011b	0x0000	5	17	0x0000011e	1460	128	0x0000	0x00	0	0x00	3292488475	151478356	0.001	3292488.631385	1647444167.20588	0.000696	0.000614016	0.001641024	0.00098368	0.000571241	0.00073696	0.0	0x00	0x00	0	0x00000000_0x00000000_0x0000	0x00000000	0	0	1	1	8	8	8	1	56	132
B	8	0x0400000000004001	1650736653.82967	1650736655.837101	2.007431	1	3	eth:ipv4:tcp	08:00:27:b0:47:08	08:00:27:27:0f:cb	0x0800		192.168.100.3	7	Private network	502	192.168.100.2	7	Private network	41165	6	0x00	1	08:00:27:b0:47:08_08:00:27:27:0f:cb_3	PcsSystem,US_PcsSystem,US	502	asa-appl-proto	3	5	0	12	0	0	0.0	0.0	0	2.006012	0.6691436	1.157762	1.494447	0.0	-0.25	-1.0	0x0213	1	39785	64	64	0	0x00	0x0040	0	0x00_0x00000000	0_0	0x00000000_0x00000000	2996145115	3	0	0	3	12	0	0	65160	65155.92	65152	65160	1	0	0	0	0x0313	0x3000	3	11	0x0000011e	1460	128	0x0000	0x00	0	0x00	151478356	3292488473	0.001	151478.363195	1650585177.473906	4.096e-05	4.096e-05	2.004371	0.4010844	0.9238474	0.402068	0.9238476	0x00	0x00	0	0x00000000_0x00000000_0x0000	0x00000000	0	0	1	1	7	7	7	1	34	9
A	9	0x0400000000004000	1650736657.041399	1650736659.046173	2.004774	1	3	eth:ipv4:tcp	08:00:27:27:0f:cb	08:00:27:b0:47:08	0x0800		192.168.100.2	7	Private network	43713	192.168.100.3	7	Private network	502	6	0x00	1	08:00:27:27:0f:cb_08:00:27:b0:47:08_5	PcsSystem,US_PcsSystem,US	502	asa-appl-proto	5	3	12	0	0	12	2.4	5.813776	0	2.002384	0.4009548	0.9227773	2.494047	5.985712	0.25	1.0	0x0a13	1	1	64	64	0	0x00	0x0040	0	0x00_0x00000000	0_0	0x00000000_0x00000000	2500244540	4	12	0	4	0	0	12	64240	64252.16	64240	64256	0	1	1	0	0x011b	0x0000	5	17	0x0000011e	1460	128	0x0000	0x00	0	0x00	3292491684	151481567	0.001	3292491.840385	1647444167.3501756	0.001026	0.000504	0.001026	0.0007766666	0.0002697882	0.001146	0.0	0x00	0x00	0	0x00000000_0x00000000_0x0000	0x00000000	0	0	1	1	8	8	8	1	61	144
B	9	0x0400000000004001	1650736657.042425	1650736659.04616	2.003735	1	3	eth:ipv4:tcp	08:00:27:b0:47:08	08:00:27:27:0f:cb	0x0800		192.168.100.3	7	Private network	502	192.168.100.2	7	Private network	43713	6	0x00	1	08:00:27:b0:47:08_08:00:27:27:0f:cb_3	PcsSystem,US_PcsSystem,US	502	asa-appl-proto	3	5	0	12	0	0	0.0	0.0	0	2.002088	0.6679117	1.155431	1.497204	0.0	-0.25	-1.0	0x0213	1	23961	64	64	0	0x00	0x0040	0	0x00_0x00000000	0_0	0x00000000_0x00000000	4125690110	3	0	0	3	12	0	0	65160	65155.92	65152	65160	1	0	0	0	0x0313	0x3000	3	11	0x0000011e	1460	128	0x0000	0x00	0	0x00	151481567	3292491683	0.001	151481.574195	1650585177.3767931	0.00012	1.3e-05	2.001584	0.4005368	0.9225556	0.4013135	0.9225556	0x00	0x00	0	0x00000000_0x00000000_0x0000	0x00000000	0	0	1	1	7	7	7	1	37	9
A	10	0x0400000000004000	1650736660.249973	1650736662.253948	2.003975	1	3	eth:ipv4:tcp	08:00:27:27:0f:cb	08:00:27:b0:47:08	0x0800		192.168.100.2	7	Private network	46767	192.168.100.3	7	Private network	502	6	0x00	1	08:00:27:27:0f:cb_08:00:27:b0:47:08_5	PcsSystem,US_PcsSystem,US	502	asa-appl-proto	5	3	12	0	0	12	2.4	5.813776	0	2.001381	0.400795	0.9222947	2.495041	5.988099	0.25	1.0	0x0a13	1	1	64	64	0	0x00	0x0040	0	0x00_0x00000000	0_0	0x00000000_0x00000000	2874519580	4	12	0	4	0	0	12	64240	64252.16	64240	64256	0	1	1	0	0x011b	0x0000	5	17	0x0000011e	1460	128	0x0000	0x00	0	0x00	3292494892	151484776	0.001	3292495.048385	1647444167.2055628	0.000914016	0.000636	0.000914016	0.0008160053	0.0001755182	0.000962016	0.0	0x00	0x00	0	0x00000000_0x00000000_0x0000	0x00000000	0	0	1	1	8	8	8	1	66	156
B	10	0x0400000000004001	1650736660.250887	1650736662.253926	2.003039	1	3	eth:ipv4:tcp	08:00:27:b0:47:08	08:00:27:27:0f:cb	0x0800		192.168.100.3	7	Private network	502	192.168.100.2	7	Private network	46767	6	0x00	1	08:00:27:b0:47:08_08:00:27:27:0f:cb_3	PcsSystem,US_PcsSystem,US	502	asa-appl-proto	3	5	0	12	0	0	0.0	0.0	0	2.001643	0.6676796	1.155246	1.497724	0.0	-0.25	-1.0	0x0213	1	31157	64	64	0	0x00	0x0040	0	0x00_0x00000000	0_0	0x00000000_0x00000000	1837240236	3	0	0	3	12	0	0	65160	65155.92	65152	65160	1	0	0	0	0x0313	0x3000	3	11	0x0000011e	1460	128	0x0000	0x00	0	0x00	151484776	3292494891	0.001	151484.783195	1650585177.37667	4.8e-05	2.2e-05	2.000745	0.4003246	0.9221949	0.4011406	0.922195	0x00	0x00	0	0x00000000_0x00000000_0x0000	0x00000000	0	0	1	1	7	7	7	1	40	9
A	11	0x0400000000004000	1650736663.45942	1650736665.463741	2.004321	1	3	eth:ipv4:tcp	08:00:27:27:0f:cb	08:00:27:b0:47:08	0x0800		192.168.100.2	7	Private network	36305	192.168.100.3	7	Private network	502	6	0x00	1	08:00:27:27:0f:cb_08:00:27:b0:47:08_5	PcsSystem,US_PcsSystem,US	502	asa-appl-proto	5	3	12	0	0	12	2.4	5.813776	0	2.002771	0.4008642	0.9230552	2.49461	5.987065	0.25	1.0	0x0a13	1	1	64	64	0	0x00	0x0040	0	0x00_0x00000000	0_0	0x00000000_0x00000000	4184155143	4	12	0	4	0	0	12	64240	64252.16	64240	64256	0	1	1	0	0x011b	0x0000	5	17	0x0000011e	1460	128	0x0000	0x00	0	0x00	3292498102	151487988	0.001	3292498.258385	1647444167.2053556	0.000507008	0.000404	0.000588	0.0004996693	9.689485e-05	0.000539008	0.0	0x00	0x00	0	0x00000000_0x00000000_0x0000	0x00000000	0	0	1	1	8	8	8	1	71	168
B	11	0x0400000000004001	1650736663.459927	1650736665.463723	2.003796	1	3	eth:ipv4:tcp	08:00:27:b0:47:08	08:00:27:27:0f:cb	0x0800		192.168.100.3	7	Private network	502	192.168.100.2	7	Private network	36305	6	0x00	1	08:00:27:b0:47:08_08:00:27:27:0f:cb_3	PcsSystem,US_PcsSystem,US	502	asa-appl-proto	3	5	0	12	0	0	0.0	0.0	0	2.002955	0.667932	1.156164	1.497158	0.0	-0.25	-1.0	0x0213	1	31929	64	64	0	0x00	0x0040	0	0x00_0x00000000	0_0	0x00000000_0x00000000	3980359799	3	0	0	3	12	0	0	65160	65155.92	65152	65160	1	0	0	0	0x0313	0x3000	3	11	0x0000011e	1460	128	0x0000	0x00	0	0x00	151487988	3292498101	0.001	151487.995195	1650585177.3764496	3.2e-05	1.7984e-05	2.002367	0.4005772	0.9229848	0.4010769	0.9229848	0x00	0x00	0	0x00000000_0x00000000_0x0000	0x00000000	0	0	1	1	7	7	7	1	43	9
A	12	0x0400000000004000	1650736666.667353	1650736668.671659	2.004306	1	3	eth:ipv4:tcp	08:00:27:27:0f:cb	08:00:27:b0:47:08	0x0800		192.168.100.2	7	Private network	37409	192.168.100.3	7	Private network	502	6	0x00	1	08:00:27:27:0f:cb_08:00:27:b0:47:08_5	PcsSystem,US_PcsSystem,US	502	asa-appl-proto	5	3	12	0	0	12	2.4	5.813776	0	2.002532	0.4008612	0.9229188	2.494629	5.98711	0.25	1.0	0x0a13	1	1	64	64	0	0x00	0x0040	0	0x00_0x00000000	0_0	0x00000000_0x00000000	1323437098	4	12	0	4	0	0	12	64240	64252.16	64240	64256	0	1	1	0	0x011b	0x0000	5	17	0x0000011e	1460	128	0x0000	0x00	0	0x00	3292501309	151491197	0.001	3292501.465385	1647444167.2062736	0.000574976	0.000472	0.000590976	0.000545984	7.10837e-05	0.000609984	0.0	0x00	0x00	0	0x00000000_0x00000000_0x0000	0x00000000	0	0	1	1	8	8	8	1	76	180
B	12	0x0400000000004001	1650736666.667928	1650736668.671642	2.003714	1	3	eth:ipv4:tcp	08:00:27:b0:47:08	08:00:27:27:0f:cb	0x0800		192.168.100.3	7	Private network	502	192.168.100.2	7	Private network	37409	6	0x00	1	08:00:27:b0:47:08_08:00:27:27:0f:cb_3	PcsSystem,US_PcsSystem,US	502	asa-appl-proto	3	5	0	12	0	0	0.0	0.0	0	2.002651	0.6679047	1.155924	1.49722	0.0	-0.25	-1.0	0x0213	1	42733	64	64	0	0x00	0x0040	0	0x00_0x00000000	0_0	0x00000000_0x00000000	4011073439	3	0	0	3	12	0	0	65160	65155.92	65152	65160	1	0	0	0	0x0313	0x3000	3	11	0x0000011e	1460	128	0x0000	0x00	0	0x00	151491197	3292501309	0.001	151491.204195	1650585177.4674463	3.5008e-05	1.7024e-05	2.00206	0.4005476	0.9228246	0.4010936	0.9228246	0x00	0x00	0	0x00000000_0x00000000_0x0000	0x00000000	0	0	1	1	7	7	7	1	46	9
A	13	0x0400000000004000	1650736669.875542	1650736671.880162	2.00462	1	3	eth:ipv4:tcp	08:00:27:27:0f:cb	08:00:27:b0:47:08	0x0800		192.168.100.2	7	Private network	45881	192.168.100.3	7	Private network	502	6	0x00	1	08:00:27:27:0f:cb_08:00:27:b0:47:08_5	PcsSystem,US_PcsSystem,US	502	asa-appl-proto	5	3	12	0	0	12	2.4	5.813776	0	2.002924	0.400924	0.9231086	2.494238	5.986172	0.25	1.0	0x0a13	1	1	64	64	0	0x00	0x0040	0	0x00_0x00000000	0_0	0x00000000_0x00000000	402682401	4	12	0	4	0	0	12	64240	64252.16	64240	64256	0	1	1	0	0x011b	0x0000	5	17	0x0000011e	1460	128	0x0000	0x00	0	0x00	3292504518	151494407	0.001	3292504.674386	1647444167.2057765	0.000550016	0.000355968	0.000577024	0.000494336	0.0001329644	0.000593984	0.0	0x00	0x00	0	0x00000000_0x00000000_0x0000	0x00000000	0	0	1	1	8	8	8	1	81	192
B	13	0x0400000000004001	1650736669.876092	1650736671.880131	2.004039	1	3	eth:ipv4:tcp	08:00:27:b0:47:08	08:00:27:27:0f:cb	0x0800		192.168.100.3	7	Private network	502	192.168.100.2	7	Private network	45881	6	0x00	1	08:00:27:b0:47:08_08:00:27:27:0f:cb_3	PcsSystem,US_PcsSystem,US	502	asa-appl-proto	3	5	0	12	0	0	0.0	0.0	0	2.003145	0.668013	1.156258	1.496977	0.0	-0.25	-1.0	0x0213	1	63101	64	64	0	0x00	0x0040	0	0x00_0x00000000	0_0	0x00000000_0x00000000	543121693	3	0	0	3	12	0	0	65160	65155.92	65152	65160	1	0	0	0	0x0313	0x3000	3	11	0x0000011e	1460	128	0x0000	0x00	0	0x00	151494407	3292504517	0.001	151494.414196	1650585177.4659355	4.3968e-05	3.0976e-05	2.002568	0.400645	0.9230614	0.4011393	0.9230614	0x00	0x00	0	0x00000000_0x00000000_0x0000	0x00000000	0	0	1	1	7	7	7	1	49	9
A	14	0x0400000000004000	1650736673.0833	1650736675.087834	2.004534	1	3	eth:ipv4:tcp	08:00:27:27:0f:cb	08:00:27:b0:47:08	0x0800		192.168.100.2	7	Private network	40715	192.168.100.3	7	Private network	502	6	0x00	1	08:00:27:27:0f:cb_08:00:27:b0:47:08_5	PcsSystem,US_PcsSystem,US	502	asa-appl-proto	5	3	12	0	0	12	2.4	5.813776	0	2.003042	0.4009068	0.9231867	2.494345	5.986429	0.25	1.0	0x0a13	1	1	64	64	0	0x00	0x0040	0	0x00_0x00000000	0_0	0x00000000_0x00000000	4066364523	4	12	0	4	0	0	12	64240	64252.16	64240	64256	0	1	1	0	0x011b	0x0000	5	17	0x0000011e	1460	128	0x0000	0x00	0	0x00	3292507726	151497616	0.001	3292507.882386	1647444167.3501415	0.000515	0.000372	0.000561	0.0004826667	0.000106857	0.000539	0.0	0x00	0x00	0	0x00000000_0x00000000_0x0000	0x00000000	0	0	1	1	8	8	8	1	86	204
B	14	0x0400000000004001	1650736673.083815	1650736675.087822	2.004007	1	3	eth:ipv4:tcp	08:00:27:b0:47:08	08:00:27:27:0f:cb	0x0800		192.168.100.3	7	Private network	502	192.168.100.2	7	Private network	40715	6	0x00	1	08:00:27:b0:47:08_08:00:27:27:0f:cb_3	PcsSystem,US_PcsSystem,US	502	asa-appl-proto	3	5	0	12	0	0	0.0	0.0	0	2.003231	0.6680024	1.156342	1.497001	0.0	-0.25	-1.0	0x0213	1	50440	64	64	0	0x00	0x0040	0	0x00_0x00000000	0_0	0x00000000_0x00000000	3386967593	3	0	0	3	12	0	0	65160	65155.92	65152	65160	1	0	0	0	0x0313	0x3000	3	11	0x0000011e	1460	128	0x0000	0x00	0	0x00	151497616	3292507725	0.001	151497.623196	1650585177.3760593	2.4e-05	1.2e-05	2.00267	0.4006268	0.9231309	0.4011095	0.9231309	0x00	0x00	0	0x00000000_0x00000000_0x0000	0x00000000	0	0	1	1	7	7	7	1	52	9
A	15	0x0400000000004000	1650736676.290947	1650736678.296173	2.005226	1	3	eth:ipv4:tcp	08:00:27:27:0f:cb	08:00:27:b0:47:08	0x0800		192.168.100.2	7	Private network	35845	192.168.100.3	7	Private network	502	6	0x00	1	08:00:27:27:0f:cb_08:00:27:b0:47:08_5	PcsSystem,US_PcsSystem,US	502	asa-appl-proto	5	3	12	0	0	12	2.4	5.813776	0	2.003723	0.4010452	0.9235017	2.493485	5.984363	0.25	1.0	0x0a13	1	1	64	64	0	0x00	0x0040	0	0x00_0x00000000	0_0	0x00000000_0x00000000	2962014556	4	12	0	4	0	0	12	64240	64252.16	64240	64256	0	1	1	0	0x011b	0x0000	5	17	0x0000011e	1460	128	0x0000	0x00	0	0x00	3292510934	151500826	0.001	3292511.090386	1647444167.2057872	0.000456	0.000356992	0.000819008	0.000544	0.0002449277	0.000475008	0.0	0x00	0x00	0	0x00000000_0x00000000_0x0000	0x00000000	0	0	1	1	6	6	6	1	86	204
B	15	0x0400000000004001	1650736676.291403	1650736678.296149	2.004746	1	3	eth:ipv4:tcp	08:00:27:b0:47:08	08:00:27:27:0f:cb	0x0800		192.168.100.3	7	Private network	502	192.168.100.2	7	Private network	35845	6	0x00	1	08:00:27:b0:47:08_08:00:27:27:0f:cb_3	PcsSystem,US_PcsSystem,US	502	asa-appl-proto	3	5	0	12	0	0	0.0	0.0	0	2.004185	0.6682486	1.156955	1.496449	0.0	-0.25	-1.0	0x0213	1	26270	64	64	0	0x00	0x0040	0	0x00_0x00000000	0_0	0x00000000_0x00000000	967794077	3	0	0	3	12	0	0	65160	65155.92	65152	65160	1	0	0	0	0x0313	0x3000	3	11	0x0000011e	1460	128	0x0000	0x00	0	0x00	151500826	3292510933	0.001	151500.833196	1650585177.375892	1.9008e-05	1.9008e-05	2.003366	0.4007264	0.9234751	0.4012704	0.9234751	0x00	0x00	0	0x00000000_0x00000000_0x0000	0x00000000	0	0	1	1	5	5	5	1	52	9
A	16	0x0400000000004000	1650736679.499615	1650736681.50358	2.003965	1	3	eth:ipv4:tcp	08:00:27:27:0f:cb	08:00:27:b0:47:08	0x0800		192.168.100.2	7	Private network	41185	192.168.100.3	7	Private network	502	6	0x00	1	08:00:27:27:0f:cb_08:00:27:b0:47:08_5	PcsSystem,US_PcsSystem,US	502	asa-appl-proto	5	3	12	0	0	12	2.4	5.813776	0	2.002646	0.400793	0.9230244	2.495054	5.988129	0.25	1.0	0x0a13	1	1	64	64	0	0x00	0x0040	0	0x00_0x00000000	0_0	0x00000000_0x00000000	3082642884	4	12	0	4	0	0	12	64240	64252.16	64240	64256	0	1	1	0	0x011b	0x0000	5	17	0x0000011e	1460	128	0x0000	0x00	0	0x00	3292514141	151504035	0.001	3292514.297386	1647444167.206194	0.000417984	0.000385984	0.000554016	0.0004526613	8.969898e-05	0.000436	0.0	0x00	0x00	0	0x00000000_0x00000000_0x0000	0x00000000	0	0	1	1	4	4	4	1	86	204
B	16	0x0400000000004001	1650736679.500033	1650736681.503566	2.003533	1	3	eth:ipv4:tcp	08:00:27:b0:47:08	08:00:27:27:0f:cb	0x0800		192.168.100.3	7	Private network	502	192.168.100.2	7	Private network	41185	6	0x00	1	08:00:27:b0:47:08_08:00:27:27:0f:cb_3	PcsSystem,US_PcsSystem,US	502	asa-appl-proto	3	5	0	12	0	0	0.0	0.0	0	2.002814	0.6678443	1.156118	1.497355	0.0	-0.25	-1.0	0x0213	1	1385	64	64	0	0x00	0x0040	0	0x00_0x00000000	0_0	0x00000000_0x00000000	4058093882	3	0	0	3	12	0	0	65160	65155.92	65152	65160	1	0	0	0	0x0313	0x3000	3	11	0x0000011e	1460	128	0x0000	0x00	0	0x00	151504035	3292514141	0.001	151504.042196	1650585177.46137	1.8016e-05	1.3984e-05	2.00226	0.4005286	0.9229514	0.4009813	0.9229514	0x00	0x00	0	0x00000000_0x00000000_0x0000	0x00000000	0	0	1	1	3	3	3	1	52	9
A	17	0x0400000000004000	1650736682.707241	1650736682.716782	0.009541	1	3	eth:ipv4:tcp	08:00:27:27:0f:cb	08:00:27:b0:47:08	0x0800		192.168.100.2	7	Private network	39265	192.168.100.3	7	Private network	502	6	0x00	1	08:00:27:27:0f:cb_08:00:27:b0:47:08_5	PcsSystem,US_PcsSystem,US	502	asa-appl-proto	5	3	12	0	0	12	2.4	5.813776	0	0.006781	0.0019082	0.002851208	524.0541	1257.73	0.25	1.0	0x0a13	1	1	64	64	0	0x00	0x0040	0	0x00_0x00000000	0_0	0x00000000_0x00000000	1768288282	4	12	0	4	0	0	12	64240	64252.16	64240	64256	0	1	1	0	0x011b	0x0000	5	17	0x0000011e	1460	128	0x0000	0x00	0	0x00	3292515355	151505249	0.001	3292515.511386	1647444167.205396	0.000835968	0.000748992	0.000995008	0.0008599894	0.0001272562	0.00088896	0.0	0x00	0x00	0	0x00000000_0x00000000_0x0000	0x00000000	0	0	1	1	2	2	2	1	86	204
B	17	0x0400000000004001	1650736682.708077	1650736682.716746	0.008669	1	3	eth:ipv4:tcp	08:00:27:b0:47:08	08:00:27:27:0f:cb	0x0800		192.168.100.3	7	Private network	502	192.168.100.2	7	Private network	39265	6	0x00	1	08:00:27:b0:47:08_08:00:27:27:0f:cb_3	PcsSystem,US_PcsSystem,US	502	asa-appl-proto	3	5	0	12	0	0	0.0	0.0	0	0.007027	0.002889667	0.003706328	346.0607	0.0	-0.25	-1.0	0x0213	1	65475	64	64	0	0x00	0x0040	0	0x00_0x00000000	0_0	0x00000000_0x00000000	757967817	3	0	0	3	12	0	0	65160	65155.92	65152	65160	1	0	0	0	0x0313	0x3000	3	11	0x0000011e	1460	128	0x0000	0x00	0	0x00	151505249	3292515354	0.001	151505.256196	1650585177.4605498	5.2992e-05	3.6032e-05	0.006032	0.001413402	0.002688813	0.002273391	0.002691823	0x00	0x00	0	0x00000000_0x00000000_0x0000	0x00000000	0	0	1	1	1	1	1	1	52	9
